locus,weight,low,high,AIC,pvalue
rs61579022,-0.5423952514064079,-1.3333850525103332,0.18107572012586884,121.54154895791177,0.15610455046800972
rs10800746,-0.4387260751451669,-1.3153533295537598,0.3534875196131708,122.52931585016411,0.29749347859427977
rs7616215,-0.2729882626062919,-1.0032960386025354,0.40102253579463076,123.05819380312897,0.44070947776993413
rs6498114,-0.716320139014692,-1.8331091623675202,0.19670073217462633,121.3861280231034,0.15835523705877408
rs1378938,-0.4698889472467722,-1.3463266995112886,0.29104339661589995,122.263905320111,0.25394955135044184
rs10892258,-1.0139867094857091,-2.2512316538885826,-0.05586175352956633,119.31617577241704,0.06345955066289194
rs61907765,-0.4403547885714996,-1.439156020756243,0.388221726581897,122.65865337476319,0.33606424241971383
rs12068671,0.3534858955184991,-0.6051783383751252,1.2029920440379296,123.09155770774439,0.43497926981119894
rs11801183,0.29815437553179575,-0.6469624755056783,1.1275269357181879,123.24051966312172,0.5021228610638251
rs4143332,-0.2876056517901508,-1.240285023601248,0.8423498431226637,123.37769439512057,0.5792881473418682
rs2301226,0.7783314187390706,-0.321760132440993,2.2458040036982845,121.87243918093388,0.21914036637400772
rs3128927,-0.32953948812230127,-1.2238559018030741,0.4565997389219558,123.03238239096041,0.4358788127081641
rs6937061,-0.1946062460241159,-3.059178507677091,1.3568337237443284,123.6298646730035,0.8461815575751709
DQ2.2/DQ8,2.439444275711035,0.681575900038067,4.203212657344075,116.7727828134406,0.004547807093968304
DQ2.2/X,1.1143606456360344,-0.2366297322491555,2.284441820593299,120.95883830890357,0.07597272548381782
DQ2.5/DQ2.2,1.6269310698816157,-1.4716349024309001,4.022590925432274,122.32008703661076,0.19337160982703783
DQ2.5/DQ8,2.3258419551583125,-0.9336821465475416,5.586344625446086,121.46054041148496,0.10551266188162389
DQ2.5/X,1.3408040349518655,0.107835777994495,2.4561729626170035,119.19060457216402,0.02258494646793369
DQ7.5/DQ2.2,0.6931471805599564,-2.289702856510329,2.5941979593375946,123.34063491501071,0.5376604623856436
DQ7.5/DQ2.5,-0.5368978637454426,-3.4598288081822988,1.1488626022391701,123.3759908357228,0.6131296788108314
DQ7.5/DQ8,1.2156688440891226,-1.8201096020518424,3.333429169131945,122.81169912775609,0.30386841231771833
DQ7.5/X,-1.1749852674522907,-4.086153003405366,0.47076511015248534,121.93945968488131,0.2628744800109716
DQ8/X,0,NA,NA,NA,NA
X/X,-1.9994841902447347,-4.903602782541322,-0.37706035092953694,117.23269898992308,0.05498825697700372
rs1611710,0.6380593398566861,-0.07070436647556763,1.3750111915198235,120.55797450582833,0.08087137323279221
rs1980422,0.5006356488036363,-0.28096617482131914,1.2381751129807808,122.0367566807454,0.19016953184256727
rs1353248,-0.39019347147273303,-1.3437335592417958,0.4339760323707875,122.858700088048,0.38256284374510424
rs2561288,0.7336562419994969,0.018793361054903812,1.491997409490384,119.62130201875574,0.048946786606982484
rs990171,0.45908304656084065,-0.293929609779528,1.1755643965621445,122.1921445291993,0.21472348838066918
rs13132308,-0.5329369592504689,-1.7800373290540228,0.4459798319247523,122.62931742517205,0.3357154760797065
rs1050976,-0.5578299982207836,-1.3048591113771961,0.15678927125429162,121.33607640326393,0.13128639859891347
rs2030519,-0.5261135176885547,-1.2733397997912872,0.17298795363970315,121.51263689496928,0.14992797258008628
rs4445406,-0.2680562355019271,-1.0634899207177773,0.4656332702100011,123.17459660701917,0.4873911740855431
rs10167650,-0.710901450169229,-1.7169290583839232,0.12442417127900157,120.94858148129661,0.12371562815216029
rs7104791,0.3161165104982438,-0.4700825708494965,1.0526976594219932,123.01141340208903,0.40972288330723794
rs947474,-1.1766306197499887,-2.613727098440099,-0.13826791966152244,118.55377065144599,0.053880730759827536
rs11875687,0.46198974080829985,-0.5338454230382778,1.3674220303487132,122.7793541502871,0.3323194090590849
rs55743914,1.0164412587180143,0.2715077226264183,1.770734373759658,116.64788043362479,0.007041137218499765
rs13003464,-0.24579147401615875,-0.9550363129493502,0.40633879822923386,123.14166974075927,0.47355384882669366
rs1323292,0.5440480337937487,-0.34748465054674477,1.3818729412150212,122.17907659196895,0.2103995519489622
rs3184504,1.0290856512552813,0.3138853066703503,1.8209667538103704,115.50871238691889,0.006870514823496814
rs6715106,-0.9939871860667893,-3.907769915592872,0.6605084473828341,122.50134005018518,0.3447022615776774
rs182429,0.23530248004641538,-0.46184859036776094,0.9302807250011289,123.22368035573858,0.5034077413392906
rs17264332,0.49674637615966405,-0.3172809727381533,1.2559448952129137,122.17579691196296,0.20894858490445167
rs1893592,-0.29812584861561225,-0.9426706315138182,0.26763887881626797,122.65401972000463,0.3286263234008219
rs1018326,-0.2662707849128213,-0.9287003322080646,0.35895025167826367,122.9829350097474,0.41194863544222815
rs4821124,0.17255273138176902,-0.7255317791564413,0.9747799875526503,123.51057732313097,0.6861431566234621
rs11851414,-0.6182088929417833,-1.5911801754783468,0.17429652450795247,121.41548901816948,0.16164762585970027
rs1250552,0.32485844510469836,-0.38971791653631743,1.0665502430739082,122.88103793455498,0.3776576098995619
